{"cameraMode":{"drawMode":0,"name":"Shaded","section":"Shading Mode"},"sceneLighting":true,"audioPlay":false,"sceneViewState":{"m_AlwaysRefresh":false,"showFog":true,"showSkybox":true,"showFlares":true,"showImageEffects":true,"showParticleSystems":true,"showVisualEffectGraphs":true,"m_FxEnabled":true},"in2DMode":false,"pivot":{"x":35.292049407958987,"y":14.186235427856446,"z":-22.250713348388673},"rotation":{"x":-0.07752758264541626,"y":0.38905027508735659,"z":-0.032880064100027087,"w":-0.9173831343650818},"size":31.17902183532715,"orthographic":false}